,Name,FixedByID,count
0,3.1-candidate| done| area-servers| enhancement| servers-httpsys,unknown,1
1,5.0-candidate| area-signalr| help wanted,unknown,1
2,[obsolete] cost l| area-mvc| enhancement| feature-code-generation,dougbu,1
3,[obsolete] cost l| area-mvc| enhancement| feature-razor-pages,unknown,1
4,[obsolete] cost l| area-mvc| feature-razor-pages| task,ajaybhargavb,1
5,[obsolete] cost l| area-signalr| blocked| task,unknown,1
6,[obsolete] cost xl| area-mvc,unknown,1
7,accepted| area-mvc| area-signalr,natemcmaster,1
8,accepted| area-servers,jkotalik,1
9,accepted| area-servers| clean-up| cost xs| enhancement| servers-kestrel,davidfowl,1
10,accepted| area-servers| cost m| enhancement,jkotalik,1
11,accepted| area-servers| cost s| enhancement| servers-iis,jkotalik,1
12,accepted| area-servers| cost s| servers-iis,jkotalik,1
13,accepted| area-servers| servers-iis,anurse,1
14,accepted| area-servers| servers-iis,unknown,1
15,accepted| area-servers| servers-kestrel,davidfowl,2
16,accepted| area-servers| servers-kestrel| ?? bedrock,davidfowl,1
17,accepted| area-servers| test-failure,unknown,1
18,accepted| area-signalr,anurse,1
19,accepted| area-signalr,brennanconroy,4
20,accepted| area-signalr,unknown,1
21,accepted| area-signalr| blocked| bug| cost 0,brennanconroy,1
22,accepted| area-signalr| bug| cost s,halter73,1
23,accepted| area-signalr| bug| signalr-client-java| signalr-client-net,mikaelm12| brennanconroy,1
24,accepted| area-signalr| cost s| enhancement,unknown,1
25,accepted| area-signalr| cost xs| enhancement,mikaelm12,1
26,accepted| area-signalr| task,unknown,1
27,accepted| area-signalr| test-failure,mikaelm12,1
28,analyzer| area-blazor| enhancement,unknown,1
29,analyzer| area-mvc| bug,unknown,1
30,analyzer| area-mvc| enhancement,unknown,1
31,analyzer| area-platform| task| test-failure,unknown,1
32,api-approved| area-servers| enhancement,jamesnk,1
33,api-needs-work| area-servers| bug| servers-kestrel,halter73,1
34,area-azure,unknown,2
35,area-blazor,danroth27,8
36,area-blazor,pranavkm,1
37,area-blazor,rynowak,21
38,area-blazor,rynowak| danroth27,1
39,area-blazor,stevesandersonms,16
40,area-blazor,stevesandersonms| danroth27,1
41,area-blazor,unknown,565
42,area-blazor| area-identity| bug,javiercn,1
43,area-blazor| area-mvc| enhancement,unknown,1
44,area-blazor| blazor-wasm,captainsafia,1
45,area-blazor| blazor-wasm,danroth27,1
46,area-blazor| blazor-wasm,javiercn,1
47,area-blazor| blazor-wasm,pranavkm,3
48,area-blazor| blazor-wasm,unknown,23
49,area-blazor| blazor-wasm| bug,ajaybhargavb,1
50,area-blazor| blazor-wasm| bug,javiercn,2
51,area-blazor| blazor-wasm| bug,unknown,2
52,area-blazor| blazor-wasm| cost m,pranavkm,1
53,area-blazor| blazor-wasm| cost s| task,pranavkm,1
54,area-blazor| blazor-wasm| enhancement,pranavkm,2
55,area-blazor| blazor-wasm| enhancement,unknown,2
56,area-blazor| blazor-wasm| enhancement| feature-httpclient-extensions,unknown,1
57,area-blazor| blazor-wasm| investigate,captainsafia,1
58,area-blazor| blazor-wasm| investigate,ntaylormullen,1
59,area-blazor| blazor-wasm| investigate,pranavkm,1
60,area-blazor| blazor-wasm| investigate,stevesandersonms,2
61,area-blazor| blazor-wasm| investigate,unknown,3
62,area-blazor| blazor-wasm| question,stevesandersonms,1
63,area-blazor| blazor-wasm| question,unknown,7
64,area-blazor| blazor-wasm| release-notes| task,mkartakmsft,1
65,area-blazor| blazor-wasm| task,unknown,2
66,area-blazor| blocked| task,pranavkm,1
67,area-blazor| bug,danroth27,1
68,area-blazor| bug,javiercn,3
69,area-blazor| bug,pranavkm,1
70,area-blazor| bug,stevesandersonms,1
71,area-blazor| bug,unknown,12
72,area-blazor| bug| cost m| help wanted,stevesandersonms,1
73,area-blazor| bug| cost s,javiercn,1
74,area-blazor| bug| cost xs,unknown,1
75,area-blazor| bug| help wanted,pranavkm,1
76,area-blazor| bug| help wanted,unknown,1
77,area-blazor| closed no-repro,javiercn,2
78,area-blazor| closed no-repro,stevesandersonms,1
79,area-blazor| component ecosystem| question,unknown,1
80,area-blazor| cost 0,unknown,2
81,area-blazor| cost m| enhancement,javiercn,1
82,area-blazor| cost xs| question,javiercn,1
83,area-blazor| c| enhancement,unknown,1
84,area-blazor| discussion,unknown,1
85,area-blazor| enhancement,javiercn,2
86,area-blazor| enhancement,rynowak,2
87,area-blazor| enhancement,stevesandersonms,2
88,area-blazor| enhancement,unknown,22
89,area-blazor| enhancement| help wanted,unknown,2
90,area-blazor| enhancement| question,unknown,1
91,area-blazor| feedback,danroth27,1
92,area-blazor| feedback,unknown,1
93,area-blazor| investigate,ajaybhargavb,4
94,area-blazor| investigate,brennanconroy,1
95,area-blazor| investigate,danroth27,2
96,area-blazor| investigate,javiercn,5
97,area-blazor| investigate,pranavkm,2
98,area-blazor| investigate,ryanbrandenburg,1
99,area-blazor| investigate,rynowak,1
100,area-blazor| investigate,stevesandersonms,3
101,area-blazor| investigate,unknown,9
102,area-blazor| investigate| question,stevesandersonms,1
103,area-blazor| question,ajaybhargavb,1
104,area-blazor| question,danroth27,9
105,area-blazor| question,javiercn,9
106,area-blazor| question,mkartakmsft,2
107,area-blazor| question,pranavkm,1
108,area-blazor| question,rynowak,3
109,area-blazor| question,stevesandersonms,8
110,area-blazor| question,unknown,130
111,area-blazor| task,ajaybhargavb,1
112,area-blazor| task,javiercn,3
113,area-blazor| task,juntaoluo,1
114,area-blazor| task,pranavkm,1
115,area-blazor| task,unknown,8
116,area-blazor| test-failure,javiercn,1
117,area-commandlinetools,unknown,7
118,area-commandlinetools| area-mvc,javiercn,1
119,area-commandlinetools| feature-devcerts,unknown,2
120,area-commandlinetools| feature-devcerts| investigate,javiercn,1
121,area-commandlinetools| feature-devcerts| task,javiercn,1
122,area-commandlinetools| test-failure,brennanconroy,1
123,area-commandlinetools| test-failure,unknown,1
124,area-dataprotection,jkotalik,1
125,area-dataprotection,unknown,14
126,area-dataprotection| enhancement,unknown,1
127,area-dataprotection| help wanted,unknown,1
128,area-dataprotection| investigate,haok,1
129,area-dataprotection| question,unknown,2
130,area-dataprotection| test-failure,natemcmaster,1
131,area-grpc,shirhatti,1
132,area-grpc,unknown,5
133,area-grpc| perf-bad-response,jamesnk,1
134,area-grpc| perf-bad-response,unknown,3
135,area-grpc| perf-not-running,unknown,8
136,area-healthchecks,unknown,5
137,area-hosting,unknown,29
138,area-hosting| area-mvc| question,unknown,1
139,area-hosting| breaking-change,davidfowl,1
140,area-hosting| bug| good first issue| help wanted,unknown,1
141,area-hosting| enhancement,tratcher,1
142,area-hosting| enhancement,unknown,2
143,area-hosting| epic,anurse| glennc,1
144,area-hosting| question,unknown,2
145,area-httpclientfactory,unknown,1
146,area-identity,ajcvickers,1
147,area-identity,haok,4
148,area-identity,unknown,41
149,area-identity| area-mvc,unknown,1
150,area-identity| area-security,unknown,2
151,area-identity| area-security| question,haok,1
152,area-identity| blocked| identity-service,unknown,1
153,area-identity| bug,haok,1
154,area-identity| bug| good first issue,haok,1
155,area-identity| bug| identity-service,unknown,1
156,area-identity| closed no-repro,unknown,1
157,area-identity| discussion,haok,2
158,area-identity| discussion,unknown,1
159,area-identity| enhancement,ajcvickers,1
160,area-identity| enhancement,haok,2
161,area-identity| enhancement,unknown,5
162,area-identity| enhancement| identity-service,unknown,1
163,area-identity| feedback| question,unknown,1
164,area-identity| identity-service,unknown,13
165,area-identity| identity-service| investigate,javiercn,2
166,area-identity| identity-ui,unknown,5
167,area-identity| question,haok,3
168,area-identity| question,unknown,5
169,area-infrastructure,anurse,1
170,area-infrastructure,anurse| mkartakmsft,1
171,area-infrastructure,brennanconroy,1
172,area-infrastructure,davidfowl,1
173,area-infrastructure,dougbu,1
174,area-infrastructure,haok,2
175,area-infrastructure,jamesnk| juntaoluo,1
176,area-infrastructure,jkotalik,2
177,area-infrastructure,juntaoluo,1
178,area-infrastructure,natemcmaster,3
179,area-infrastructure,pilchie,1
180,area-infrastructure,unknown,19
181,area-infrastructure,wtgodbe,1
182,area-infrastructure| area-platform,unknown,1
183,area-infrastructure| area-signalr,unknown,1
184,area-infrastructure| bug,ajaybhargavb,1
185,area-infrastructure| cost m,juntaoluo,1
186,area-infrastructure| cost m,natemcmaster,1
187,area-infrastructure| cost m| servers-iis,dougbu,1
188,area-infrastructure| question,unknown,1
189,area-infrastructure| task,tratcher,1
190,area-infrastructure| test-failure,unknown,1
191,area-infrastructure| test-failure,wtgodbe,1
192,area-installers,joeloff,1
193,area-installers,unknown,2
194,area-installers| servers-iis,unknown,1
195,area-middleware,jamesnk,2
196,area-middleware,shirhatti,1
197,area-middleware,unknown,18
198,area-middleware| area-security,unknown,1
199,area-middleware| breaking-change| bug| cost xs,unknown,1
200,area-middleware| breaking-change| feature-session,unknown,1
201,area-middleware| breaking-change| feature-staticfiles,unknown,1
202,area-middleware| bug,unknown,1
203,area-middleware| clean-up| diagnostics| good first issue| help wanted,unknown,1
204,area-middleware| diagnostics,unknown,1
205,area-middleware| enhancement| feature-session,unknown,1
206,area-middleware| feature-responsecaching| question,unknown,1
207,area-middleware| feature-session,unknown,7
208,area-middleware| feature-staticfiles,anurse,1
209,area-middleware| feature-staticfiles,unknown,4
210,area-middleware| feature-staticfiles| help wanted,unknown,1
211,area-middleware| investigate,unknown,1
212,area-mvc,ajaybhargavb,1
213,area-mvc,danroth27,1
214,area-mvc,jamesnk,4
215,area-mvc,natemcmaster,1
216,area-mvc,pranavkm,2
217,area-mvc,ryanbrandenburg,1
218,area-mvc,ryanbrandenburg| ryanbrandenburg,1
219,area-mvc,unknown,138
220,area-mvc| area-security| discussion,unknown,1
221,area-mvc| blocked| cost s| enhancement,ryanbrandenburg,1
222,area-mvc| blocked| cost s| task,pranavkm,1
223,area-mvc| blocked| task,unknown,1
224,area-mvc| breaking-change| bug,unknown,1
225,area-mvc| breaking-change| enhancement,unknown,3
226,area-mvc| breaking-change| feature-spa,unknown,1
227,area-mvc| bug,ajaybhargavb,2
228,area-mvc| bug,jamesnk,1
229,area-mvc| bug,javiercn,2
230,area-mvc| bug,ntaylormullen,1
231,area-mvc| bug,pranavkm,4
232,area-mvc| bug,unknown,9
233,area-mvc| bug| cost s,ntaylormullen,1
234,area-mvc| bug| cost s,pranavkm,1
235,area-mvc| bug| cost s,ryanbrandenburg,1
236,area-mvc| bug| cost s| feature-razor-pages,ajaybhargavb,1
237,area-mvc| bug| cost s| feature-razor-pages,ntaylormullen,1
238,area-mvc| bug| cost s| help wanted,jamesnk,1
239,area-mvc| bug| cost xs,ajaybhargavb,1
240,area-mvc| bug| feature-razor-pages,ajaybhargavb,1
241,area-mvc| bug| feature-razor-pages,unknown,9
242,area-mvc| bug| feature-razor-pages| help wanted,unknown,2
243,area-mvc| bug| feature-spa,ryanbrandenburg,1
244,area-mvc| bug| feature-spa,unknown,1
245,area-mvc| bug| help wanted,unknown,4
246,area-mvc| closed no-repro| investigate,ntaylormullen,1
247,area-mvc| cost 0| enhancement,ryanbrandenburg,1
248,area-mvc| cost m| enhancement,ntaylormullen,2
249,area-mvc| cost m| enhancement,unknown,2
250,area-mvc| cost m| enhancement| help wanted,unknown,1
251,area-mvc| cost m| feature-razor-pages| task,unknown,1
252,area-mvc| cost m| task,danroth27,1
253,area-mvc| cost m| task| test-failure,ryanbrandenburg,1
254,area-mvc| cost s,jamesnk,2
255,area-mvc| cost s,unknown,1
256,area-mvc| cost s| enhancement,javiercn,1
257,area-mvc| cost s| enhancement,unknown,3
258,area-mvc| cost s| enhancement| feature-razor-pages| help wanted,ntaylormullen,1
259,area-mvc| cost s| feature-code-generation,dougbu,1
260,area-mvc| cost xs,jamesnk,1
261,area-mvc| cost xs,unknown,1
262,area-mvc| cost xs| task,unknown,1
263,area-mvc| diagnostics,javiercn,1
264,area-mvc| diagnostics,unknown,3
265,area-mvc| discussion,unknown,4
266,area-mvc| enhancement,jamesnk,1
267,area-mvc| enhancement,javiercn,3
268,area-mvc| enhancement,ntaylormullen,1
269,area-mvc| enhancement,pranavkm,1
270,area-mvc| enhancement,ryanbrandenburg,1
271,area-mvc| enhancement,stevesandersonms,1
272,area-mvc| enhancement,unknown,23
273,area-mvc| enhancement| feature-jsonpatch| help wanted,unknown,1
274,area-mvc| enhancement| feature-razor-pages,ntaylormullen,2
275,area-mvc| enhancement| feature-razor-pages,unknown,3
276,area-mvc| enhancement| feature-spa,unknown,1
277,area-mvc| enhancement| feature-spa| help wanted,ryanbrandenburg,1
278,area-mvc| enhancement| feature| feature-razor-pages,unknown,1
279,area-mvc| enhancement| help wanted,unknown,5
280,area-mvc| feature-jsonpatch,unknown,1
281,area-mvc| feature-model-binding| investigate,unknown,1
282,area-mvc| feature-model-binding| question,dougbu,1
283,area-mvc| feature-razor-pages,unknown,2
284,area-mvc| feature-razor-pages| help wanted,unknown,1
285,area-mvc| feature-razor-pages| investigate,javiercn,1
286,area-mvc| feature-razor-pages| task,unknown,3
287,area-mvc| feature-routing| investigate,unknown,1
288,area-mvc| feature-routing| question,javiercn,1
289,area-mvc| feature-routing| question,pranavkm,1
290,area-mvc| feature-spa,unknown,29
291,area-mvc| feature-spa| investigate,unknown,1
292,area-mvc| feature-spa| question,glennc,1
293,area-mvc| feature-spa| question,unknown,8
294,area-mvc| feature-spa| task,unknown,1
295,area-mvc| feature| feature-razor-pages,unknown,2
296,area-mvc| help wanted,cmeeren,1
297,area-mvc| identity-service| investigate,javiercn,3
298,area-mvc| investigate,ajaybhargavb,1
299,area-mvc| investigate,jamesnk,5
300,area-mvc| investigate,javiercn,6
301,area-mvc| investigate,ntaylormullen,2
302,area-mvc| investigate,pranavkm,12
303,area-mvc| investigate,ryanbrandenburg,3
304,area-mvc| investigate,unknown,6
305,area-mvc| investigate| question,unknown,1
306,area-mvc| question,danroth27,2
307,area-mvc| question,jamesnk,2
308,area-mvc| question,javiercn,7
309,area-mvc| question,mkartakmsft,2
310,area-mvc| question,ntaylormullen,2
311,area-mvc| question,pranavkm,13
312,area-mvc| question,ryanbrandenburg,5
313,area-mvc| question,rynowak,4
314,area-mvc| question,stevesandersonms,1
315,area-mvc| question,unknown,85
316,area-mvc| task,dougbu,1
317,area-mvc| task,jkotalik,1
318,area-mvc| task,unknown,11
319,area-mvc| task| test-failure,javiercn,1
320,area-mvc| tell-mode| test-failure,mkartakmsft,1
321,area-platform,anurse| haok,1
322,area-platform,davidfowl,1
323,area-platform,natemcmaster,1
324,area-platform,pilchie| juntaoluo,1
325,area-platform,unknown,19
326,area-platform| blocked,anurse| pilchie,1
327,area-platform| blocked,unknown,1
328,area-platform| question,unknown,1
329,area-razor.tooling,unknown,1
330,area-razor.tooling| blocked| bug| cost xs,ntaylormullen,1
331,area-razor.tooling| cost s| feature-razor-pages| task,ntaylormullen,2
332,area-razor.tooling| enhancement,unknown,1
333,area-razor.tooling| feature-razor.vs| area-razor.tooling| feature-razor.vs,unknown,1
334,area-razor.tooling| feature| feature-razor-pages,ntaylormullen,1
335,area-razor.tooling| task,unknown,1
336,area-security,haok,2
337,area-security,juntaoluo,1
338,area-security,tratcher,1
339,area-security,unknown,64
340,area-security| breaking-change| discussion,tratcher,1
341,area-security| breaking-change| enhancement,unknown,1
342,area-security| bug,unknown,3
343,area-security| discussion,unknown,3
344,area-security| enhancement,unknown,1
345,area-security| feature-aadintegration,haok,1
346,area-security| feature-aadintegration,unknown,2
347,area-security| good first issue| help wanted,unknown,1
348,area-security| identity-ui,javiercn,1
349,area-security| question,unknown,9
350,area-servers,brennanconroy,2
351,area-servers,davidfowl,2
352,area-servers,jamesnk,1
353,area-servers,jkotalik,2
354,area-servers,sebastienros,1
355,area-servers,unknown,53
356,area-servers| area-servers,unknown,1
357,area-servers| area-signalr| epic| ?? bedrock,anurse| davidfowl,1
358,area-servers| blocked,unknown,1
359,area-servers| blocked| breaking-change| cost s| feature| feature-pipelines| servers-kestrel,unknown,1
360,area-servers| blocked| servers-iis,jkotalik,1
361,area-servers| breaking-change| cost s| servers-iis,pakrym,1
362,area-servers| breaking-change| good first issue,tratcher,1
363,area-servers| bug,davidfowl,1
364,area-servers| bug,jamesnk,1
365,area-servers| bug,jkotalik,1
366,area-servers| bug| cost m| good first issue| help wanted| servers-iis,jkotalik,1
367,area-servers| bug| cost s| feature-httpabstractions,unknown,1
368,area-servers| bug| feature-httpabstractions,jkotalik,1
369,area-servers| bug| feature-httpabstractions,unknown,2
370,area-servers| bug| investigate| servers-iis,jkotalik,1
371,area-servers| bug| servers-httpsys,unknown,2
372,area-servers| bug| servers-iis,halter73| brennanconroy,1
373,area-servers| bug| servers-iis,unknown,1
374,area-servers| certified-dope +1| help wanted| servers-kestrel,unknown,1
375,area-servers| clean-up| cost xs,unknown,1
376,area-servers| cost 0| servers-kestrel| ?? bedrock,unknown,1
377,area-servers| cost s| enhancement| servers-kestrel,unknown,1
378,area-servers| cost s| good first issue| help wanted,unknown,1
379,area-servers| cost s| investigate| servers-iis,unknown,1
380,area-servers| cost xs| enhancement| servers-kestrel,halter73,1
381,area-servers| cost xs| servers-kestrel,unknown,1
382,area-servers| discussion| servers-kestrel,unknown,1
383,area-servers| enhancement,davidfowl,1
384,area-servers| enhancement,unknown,2
385,area-servers| enhancement| servers-httpsys,unknown,2
386,area-servers| enhancement| servers-iis,unknown,3
387,area-servers| enhancement| servers-kestrel,unknown,2
388,area-servers| epic,anurse| shirhatti,1
389,area-servers| epic| servers-iis,anurse| shirhatti,1
390,area-servers| feature-httpabstractions,unknown,9
391,area-servers| good first issue| help wanted,dairai,1
392,area-servers| help wanted| servers-httpsys,unknown,2
393,area-servers| investigate,jkotalik,2
394,area-servers| investigate,tratcher,1
395,area-servers| investigate| servers-httpsys,unknown,1
396,area-servers| investigate| servers-iis,jkotalik,1
397,area-servers| investigate| servers-iis,pakrym,1
398,area-servers| investigate| servers-iis,unknown,1
399,area-servers| investigate| servers-kestrel,halter73,1
400,area-servers| perf-not-running,unknown,4
401,area-servers| perf-regression,unknown,3
402,area-servers| question,unknown,4
403,area-servers| question| servers-iis,unknown,1
404,area-servers| question| servers-kestrel,unknown,1
405,area-servers| servers-httpsys,unknown,7
406,area-servers| servers-httpsys| task,unknown,1
407,area-servers| servers-iis,anurse,1
408,area-servers| servers-iis,jkotalik,4
409,area-servers| servers-iis,pakrym,5
410,area-servers| servers-iis,unknown,34
411,area-servers| servers-iis| servers-kestrel,unknown,1
412,area-servers| servers-iis| test-failure,jkotalik,1
413,area-servers| servers-iis| test-failure,unknown,2
414,area-servers| servers-iis| triaged,unknown,1
415,area-servers| servers-kestrel,davidfowl,1
416,area-servers| servers-kestrel,jkotalik,1
417,area-servers| servers-kestrel,juntaoluo,1
418,area-servers| servers-kestrel,unknown,11
419,area-servers| servers-kestrel| task,unknown,1
420,area-servers| servers-kestrel| triage-focus,halter73,1
421,area-servers| servers-kestrel| yarp,davidfowl,1
422,area-servers| task,mikaelm12,1
423,area-servers| test-failure,unknown,5
424,area-signalr,anurse,1
425,area-signalr,brennanconroy,2
426,area-signalr,halter73,1
427,area-signalr,jamesnk,1
428,area-signalr,mikaelm12,4
429,area-signalr,unknown,71
430,area-signalr| blocked,davidfowl,1
431,area-signalr| blocked| cost xs,unknown,1
432,area-signalr| blocked| perf-not-running,unknown,1
433,area-signalr| breaking-change,halter73,1
434,area-signalr| breaking-change| cost xs,anurse,1
435,area-signalr| bug,brennanconroy,3
436,area-signalr| bug,mikaelm12,2
437,area-signalr| bug,unknown,3
438,area-signalr| bug| cost m,brennanconroy,1
439,area-signalr| bug| cost xs,unknown,1
440,area-signalr| cost 0,unknown,1
441,area-signalr| cost m,brennanconroy,1
442,area-signalr| cost m| enhancement,brennanconroy,3
443,area-signalr| cost m| task,bradygaster,1
444,area-signalr| cost s,mikaelm12,1
445,area-signalr| cost s,unknown,2
446,area-signalr| cost s| enhancement,unknown,1
447,area-signalr| cost s| help wanted| signalr-client-javascript,unknown,1
448,area-signalr| cost xs,unknown,1
449,area-signalr| enhancement| help wanted,unknown,1
450,area-signalr| epic,anurse| bradygaster,3
451,area-signalr| good first issue,unknown,1
452,area-signalr| help wanted,mikaelm12,1
453,area-signalr| help wanted,unknown,1
454,area-signalr| investigate,brennanconroy,1
455,area-signalr| investigate,mikaelm12,2
456,area-signalr| investigate,unknown,3
457,area-signalr| perf-not-running,unknown,1
458,area-signalr| question,unknown,2
459,area-signalr| signalr-client-c++,unknown,1
460,area-signalr| signalr-client-java| area-signalr| signalr-client-java,wtgodbe| wtgodbe,1
461,area-signalr| task,tratcher,1
462,area-signalr| task,unknown,1
463,area-signalr| triage-focus,unknown,1
464,area-websockets,brennanconroy,1
465,area-websockets,unknown,3
466,area-websockets| task,anurse,1
467,area-websockets| task,unknown,1
468,author migration bot robot,unknown,1
469,author migration bot robot| area-blazor,unknown,2
470,author migration bot robot| area-blazor| blazor-wasm,javiercn,1
471,author migration bot robot| area-blazor| blazor-wasm,unknown,1
472,author migration bot robot| done| area-blazor| blazor-wasm,javiercn,1
473,author migration bot robot| done| area-blazor| investigate,ntaylormullen,1
474,author migration bot robot| needs author feedback| area-mvc,unknown,1
475,author migration bot robot| needs author feedback| status no recent activity| area-blazor,unknown,1
476,author migration bot robot| needs author feedback| status no recent activity| area-blazor| blazor-wasm,unknown,1
477,author migration bot robot| needs author feedback| status no recent activity| area-mvc,unknown,2
478,author migration bot robot| needs author feedback| status no recent activity| area-servers,unknown,1
479,blazor ? signalr| area-blazor,unknown,2
480,blazor ? signalr| needs author feedback| area-blazor| area-signalr,unknown,1
481,branchmaster| done| area-mvc| cost s| task,anurse,1
482,branchmaster| done| blocked| test-failure,dougbu,1
483,branchmaster| done| external| area-mvc| blocked| cost 0| investigate| task| test-failure,ryanbrandenburg,1
484,branchmaster| servers-iis| test-failure,unknown,5
485,branchmaster| test-failure,natemcmaster,1
486,breaking-change,unknown,1
487,breaking-change| discussion,unknown,2
488,breaking-change| enhancement,unknown,1
489,bug,blowdart,1
490,bug,pakrym,1
491,bug,unknown,8
492,bug,vijayrkn,1
493,components big rock| area-blazor| blazor-wasm| cost s| enhancement,danroth27,1
494,components big rock| done| [obsolete] cost l| area-blazor,ajaybhargavb,1
495,components big rock| done| area-blazor| blazor-wasm| enhancement,stevesandersonms,1
496,components big rock| done| area-blazor| cost 0| enhancement,stevesandersonms,1
497,components big rock| done| area-blazor| cost m| enhancement,pranavkm,1
498,components big rock| done| area-blazor| enhancement,mackinnonbuck,2
499,components big rock| done| area-blazor| enhancement,pranavkm,1
500,components big rock| done| area-blazor| enhancement,ryanbrandenburg,1
501,components big rock| done| area-blazor| enhancement,rynowak,1
502,components big rock| done| area-blazor| enhancement,stevesandersonms,1
503,components big rock| done| area-blazor| enhancement| feature,danroth27,1
504,components big rock| done| tooling| [obsolete] cost l| area-blazor| enhancement,ajaybhargavb| ntaylormullen,1
505,components big rock| done| tooling| area-blazor| cost m| enhancement,stevesandersonms,1
506,components big rock| external| area-blazor| cost 0| enhancement,unknown,1
507,components big rock| external| area-blazor| enhancement,unknown,1
508,components big rock| needs design| area-mvc,unknown,1
509,cost s,unknown,1
510,discussion,blowdart,1
511,discussion,damianedwards,1
512,discussion,eilon,1
513,discussion,unknown,26
514,docs| area-blazor,captainsafia,1
515,docs| area-blazor,javiercn,1
516,docs| area-blazor,pranavkm,1
517,docs| area-blazor,stevesandersonms,1
518,docs| area-blazor,unknown,2
519,docs| area-blazor| blazor-wasm,javiercn,1
520,docs| area-blazor| blazor-wasm| cost s,javiercn,1
521,docs| area-blazor| question,javiercn,1
522,docs| area-blazor| task,stevesandersonms,1
523,docs| area-hosting,unknown,1
524,docs| area-middleware| good first issue,jkotalik,1
525,docs| area-mvc,pranavkm,1
526,docs| area-mvc,unknown,1
527,docs| area-mvc| question,javiercn,1
528,docs| area-mvc| question,unknown,1
529,docs| area-platform,pilchie,1
530,docs| area-platform,unknown,1
531,docs| area-security,blowdart,1
532,docs| area-security,haok,1
533,docs| area-servers,shirhatti,1
534,docs| area-servers,unknown,1
535,docs| area-servers| cost xs,unknown,1
536,docs| area-servers| good first issue| help wanted,unknown,1
537,docs| done| area-blazor,pranavkm,1
538,docs| done| area-mvc| cost m,unknown,1
539,docs| done| area-mvc| cost s,ryanbrandenburg,1
540,docs| done| area-platform,natemcmaster,1
541,docs| done| area-servers| good first issue| help wanted,anurse,1
542,docs| servers-iis,unknown,1
543,done,ajcvickers,1
544,done,anurse,1
545,done,danroth27,1
546,done,pakrym,1
547,done,praburaj,1
548,done,suhasj,1
549,done,tratcher,1
550,done,unknown,5
551,done| [obsolete] cost l| area-mvc| enhancement,ntaylormullen,1
552,done| [obsolete] cost l| area-mvc| task,ajaybhargavb| ntaylormullen| ryanbrandenburg,1
553,done| [obsolete] cost l| area-servers| enhancement| feature-pipelines| servers-kestrel,halter73| jkotalik,1
554,done| [obsolete] cost l| area-servers| servers-kestrel,jkotalik,1
555,done| [obsolete] cost xl| area-blazor,ntaylormullen,1
556,done| [obsolete] cost xl| area-blazor| bug,stevesandersonms,1
557,done| [obsolete] cost xl| area-blazor| task,pranavkm,1
558,done| [obsolete] cost xl| area-infrastructure,juntaoluo,1
559,done| accepted| area-infrastructure| area-signalr| cost xs,mikaelm12,1
560,done| accepted| area-mvc| bug,pranavkm| mkartakmsft,1
561,done| accepted| area-security| bug,tratcher,1
562,done| accepted| area-servers| bug| feature-httpabstractions,tratcher,1
563,done| accepted| area-servers| cost s| enhancement,tratcher| bradygaster,1
564,done| accepted| area-signalr,mikaelm12,3
565,done| accepted| area-signalr| cost s,pranavkm,1
566,done| api-suggestion| area-servers| good first issue,unknown,1
567,done| area-blazor,ajaybhargavb,2
568,done| area-blazor,pranavkm,2
569,done| area-blazor,rynowak,6
570,done| area-blazor,stevesandersonms,7
571,done| area-blazor| area-infrastructure,juntaoluo,1
572,done| area-blazor| blazor-wasm,javiercn,1
573,done| area-blazor| blazor-wasm,pranavkm,1
574,done| area-blazor| blazor-wasm,stevesandersonms,7
575,done| area-blazor| blazor-wasm| bug,javiercn,1
576,done| area-blazor| blazor-wasm| bug,mkartakmsft,2
577,done| area-blazor| blazor-wasm| bug,pranavkm,2
578,done| area-blazor| blazor-wasm| bug,stevesandersonms,4
579,done| area-blazor| blazor-wasm| bug,unknown,1
580,done| area-blazor| blazor-wasm| bug| cost xs,stevesandersonms,1
581,done| area-blazor| blazor-wasm| cost s| task,pranavkm,3
582,done| area-blazor| blazor-wasm| cost xs,javiercn,1
583,done| area-blazor| blazor-wasm| cost xs| investigate,pranavkm,1
584,done| area-blazor| blazor-wasm| enhancement,ntaylormullen,1
585,done| area-blazor| blazor-wasm| enhancement,pranavkm,3
586,done| area-blazor| blazor-wasm| enhancement,stevesandersonms,1
587,done| area-blazor| blazor-wasm| enhancement| task,rynowak,1
588,done| area-blazor| blazor-wasm| investigate,pranavkm,1
589,done| area-blazor| blazor-wasm| task,javiercn,2
590,done| area-blazor| blazor-wasm| task,mkartakmsft,1
591,done| area-blazor| blazor-wasm| task,pranavkm,2
592,done| area-blazor| bug,ajaybhargavb,10
593,done| area-blazor| bug,captainsafia,1
594,done| area-blazor| bug,haok,1
595,done| area-blazor| bug,javiercn,7
596,done| area-blazor| bug,mkartakmsft,1
597,done| area-blazor| bug,pranavkm,9
598,done| area-blazor| bug,pranavkm| ajaybhargavb,1
599,done| area-blazor| bug,ryanbrandenburg,2
600,done| area-blazor| bug,rynowak,9
601,done| area-blazor| bug,stevesandersonms,11
602,done| area-blazor| bug,unknown,4
603,done| area-blazor| bug| component ecosystem| cost s,pranavkm,1
604,done| area-blazor| bug| component ecosystem| help wanted,stevesandersonms,1
605,done| area-blazor| bug| cost m,javiercn,1
606,done| area-blazor| bug| cost s,pranavkm,1
607,done| area-blazor| bug| cost s,rynowak,1
608,done| area-blazor| bug| cost s,stevesandersonms,2
609,done| area-blazor| bug| cost s,stevesandersonms| javiercn,1
610,done| area-blazor| bug| cost xs,ajaybhargavb,1
611,done| area-blazor| bug| cost xs,javiercn,4
612,done| area-blazor| bug| cost xs,ntaylormullen,1
613,done| area-blazor| bug| cost xs,pranavkm,3
614,done| area-blazor| bug| cost xs,stevesandersonms,1
615,done| area-blazor| bug| discussion,stevesandersonms,1
616,done| area-blazor| bug| done| area-blazor| bug,stevesandersonms| mackinnonbuck| stevesandersonms| mackinnonbuck,1
617,done| area-blazor| bug| good first issue| help wanted,javiercn,1
618,done| area-blazor| bug| help wanted,unknown,1
619,done| area-blazor| cost m| enhancement,ajaybhargavb,1
620,done| area-blazor| cost m| enhancement,ryanbrandenburg,1
621,done| area-blazor| cost m| enhancement,stevesandersonms,1
622,done| area-blazor| cost s,stevesandersonms,1
623,done| area-blazor| cost s| enhancement,ajaybhargavb,1
624,done| area-blazor| cost s| enhancement,javiercn,1
625,done| area-blazor| cost s| enhancement,mackinnonbuck,1
626,done| area-blazor| cost s| enhancement,pranavkm,2
627,done| area-blazor| cost s| enhancement,ryanbrandenburg,1
628,done| area-blazor| cost s| enhancement,rynowak,1
629,done| area-blazor| cost s| enhancement,stevesandersonms,2
630,done| area-blazor| enhancement,captainsafia,1
631,done| area-blazor| enhancement,javiercn,1
632,done| area-blazor| enhancement,pranavkm,2
633,done| area-blazor| enhancement,stevesandersonms,3
634,done| area-blazor| enhancement,unknown,1
635,done| area-blazor| enhancement| done| area-blazor| enhancement,pranavkm| pranavkm,1
636,done| area-blazor| enhancement| feature-razor-pages,rynowak,1
637,done| area-blazor| enhancement| help wanted,unknown,2
638,done| area-blazor| enhancement| task,unknown,1
639,done| area-blazor| feature-razor-pages| task,pranavkm| rynowak,1
640,done| area-blazor| good first issue| help wanted,unknown,1
641,done| area-blazor| help wanted,javiercn,1
642,done| area-blazor| investigate,stevesandersonms| javiercn,1
643,done| area-blazor| task,danroth27,1
644,done| area-blazor| task,ntaylormullen,1
645,done| area-blazor| task,pranavkm,1
646,done| area-blazor| task,rynowak,1
647,done| area-blazor| task| test-failure,captainsafia,1
648,done| area-blazor| task| test-failure,haok,1
649,done| area-commandlinetools,brennanconroy,1
650,done| area-commandlinetools,ryanbrandenburg,1
651,done| area-commandlinetools| enhancement| feature-dotnetwatch| done| area-commandlinetools| enhancement| feature-dotnetwatch,pranavkm| pranavkm,1
652,done| area-dataprotection,haok,1
653,done| area-dataprotection,natemcmaster,1
654,done| area-dataprotection| breaking-change,natemcmaster,1
655,done| area-grpc,jamesnk,1
656,done| area-grpc| enhancement,juntaoluo,1
657,done| area-healthchecks| enhancement| help wanted,rynowak,1
658,done| area-healthchecks| task,unknown,1
659,done| area-hosting| breaking-change,tratcher,1
660,done| area-hosting| bug,davidfowl,1
661,done| area-hosting| bug,tratcher,2
662,done| area-hosting| bug,unknown,1
663,done| area-hosting| bug| cost m,tratcher,1
664,done| area-hosting| enhancement,tratcher,1
665,done| area-hosting| enhancement| good first issue,unknown,1
666,done| area-hosting| enhancement| help wanted,unknown,1
667,done| area-hosting| help wanted,tratcher,1
668,done| area-hosting| task,unknown,1
669,done| area-identity,haok,3
670,done| area-identity| area-mvc| breaking-change,ryanbrandenburg,1
671,done| area-identity| area-mvc| enhancement,javiercn,1
672,done| area-identity| breaking-change,haok,1
673,done| area-identity| bug,haok,5
674,done| area-identity| bug,javiercn,1
675,done| area-identity| bug| cost s| identity-ui,haok,1
676,done| area-identity| bug| cost xs| feature-spa| identity-ui,haok,1
677,done| area-identity| cost m| enhancement| identity-ui,haok,1
678,done| area-identity| cost xs| enhancement,haok,1
679,done| area-identity| enhancement,haok,3
680,done| area-identity| enhancement| identity-ui,haok,1
681,done| area-identity| identity-ui,haok,1
682,done| area-infrastructure,ajaybhargavb| juntaoluo| natemcmaster| jkotalik,1
683,done| area-infrastructure,dougbu,2
684,done| area-infrastructure,juntaoluo,1
685,done| area-infrastructure,mkartakmsft,1
686,done| area-infrastructure,natemcmaster,2
687,done| area-infrastructure,rynowak,1
688,done| area-infrastructure,unknown,3
689,done| area-infrastructure,wtgodbe,3
690,done| area-infrastructure| area-mvc| feature-razor-pages,dougbu,1
691,done| area-infrastructure| cost s,haok| ryanbrandenburg,1
692,done| area-infrastructure| task,rynowak,2
693,done| area-installers| cost s,jkotalik,1
694,done| area-middleware,haok,1
695,done| area-middleware| area-servers,jkotalik,1
696,done| area-middleware| bug| good first issue| help wanted,tratcher,1
697,done| area-middleware| cost s| enhancement,tratcher,1
698,done| area-middleware| feature-staticfiles| good first issue| help wanted,unknown,1
699,done| area-middleware| feature-staticfiles| task,tratcher,1
700,done| area-mvc,ajaybhargavb,1
701,done| area-mvc,mkartakmsft,1
702,done| area-mvc,ntaylormullen,1
703,done| area-mvc,ryanbrandenburg,2
704,done| area-mvc,rynowak,3
705,done| area-mvc,unknown,3
706,done| area-mvc| blocked| bug,pranavkm,1
707,done| area-mvc| breaking-change,ntaylormullen,1
708,done| area-mvc| breaking-change,pranavkm,1
709,done| area-mvc| breaking-change| bug| cost xs,pranavkm,1
710,done| area-mvc| breaking-change| bug| feature-razor-pages,ntaylormullen,1
711,done| area-mvc| breaking-change| cost s| enhancement,javiercn,1
712,done| area-mvc| breaking-change| cost s| enhancement,pranavkm,1
713,done| area-mvc| breaking-change| cost s| task,dougbu,1
714,done| area-mvc| breaking-change| cost xs| enhancement,ryanbrandenburg,1
715,done| area-mvc| breaking-change| enhancement,pranavkm,2
716,done| area-mvc| breaking-change| task,pranavkm,1
717,done| area-mvc| bug,ajaybhargavb,1
718,done| area-mvc| bug,dougbu,1
719,done| area-mvc| bug,javiercn,4
720,done| area-mvc| bug,mkartakmsft,2
721,done| area-mvc| bug,natemcmaster| javiercn,1
722,done| area-mvc| bug,ntaylormullen,1
723,done| area-mvc| bug,pranavkm,15
724,done| area-mvc| bug,ryanbrandenburg,5
725,done| area-mvc| bug,rynowak,3
726,done| area-mvc| bug,stevesandersonms,1
727,done| area-mvc| bug,tratcher,1
728,done| area-mvc| bug,unknown,7
729,done| area-mvc| bug| cost m,unknown,1
730,done| area-mvc| bug| cost s,ajaybhargavb,3
731,done| area-mvc| bug| cost s,ntaylormullen,4
732,done| area-mvc| bug| cost s,pranavkm,4
733,done| area-mvc| bug| cost s,ryanbrandenburg,3
734,done| area-mvc| bug| cost s,tanayparikh,1
735,done| area-mvc| bug| cost s,unknown,1
736,done| area-mvc| bug| cost s| cost xs,pranavkm,1
737,done| area-mvc| bug| cost s| feature-code-generation,dougbu,1
738,done| area-mvc| bug| cost s| investigate,ryanbrandenburg,1
739,done| area-mvc| bug| cost xs,ajaybhargavb,3
740,done| area-mvc| bug| cost xs,javiercn,1
741,done| area-mvc| bug| cost xs,ntaylormullen,3
742,done| area-mvc| bug| cost xs,pranavkm,1
743,done| area-mvc| bug| cost xs,ryanbrandenburg,1
744,done| area-mvc| bug| cost xs,rynowak,1
745,done| area-mvc| bug| cost xs| feature-code-generation,dougbu,2
746,done| area-mvc| bug| cost xs| help wanted,javiercn,1
747,done| area-mvc| bug| help wanted,pranavkm,1
748,done| area-mvc| bug| help wanted,ryanbrandenburg,2
749,done| area-mvc| bug| help wanted,unknown,2
750,done| area-mvc| cost 0| task,pranavkm,2
751,done| area-mvc| cost m| enhancement,ajaybhargavb,3
752,done| area-mvc| cost m| enhancement,ntaylormullen,8
753,done| area-mvc| cost m| enhancement,ryanbrandenburg,2
754,done| area-mvc| cost m| enhancement| feature| feature-pipelines,pranavkm,1
755,done| area-mvc| cost s,pranavkm,1
756,done| area-mvc| cost s,ryanbrandenburg,1
757,done| area-mvc| cost s| enhancement,ajaybhargavb,2
758,done| area-mvc| cost s| enhancement,mkartakmsft,1
759,done| area-mvc| cost s| enhancement,ntaylormullen,10
760,done| area-mvc| cost s| enhancement,ryanbrandenburg,4
761,done| area-mvc| cost s| enhancement,rynowak,1
762,done| area-mvc| cost s| enhancement| feature,pranavkm,1
763,done| area-mvc| cost s| enhancement| feature-code-generation,dougbu,1
764,done| area-mvc| cost s| enhancement| feature-razor-pages,ntaylormullen,1
765,done| area-mvc| cost s| feature-razor-pages| task,ajaybhargavb,1
766,done| area-mvc| cost s| feature-razor-pages| task,rynowak| ajaybhargavb| ntaylormullen,1
767,done| area-mvc| cost s| task,ntaylormullen,4
768,done| area-mvc| cost s| task,ryanbrandenburg,2
769,done| area-mvc| cost s| task| test-failure,pranavkm,1
770,done| area-mvc| cost xs,pranavkm,1
771,done| area-mvc| cost xs,ryanbrandenburg,1
772,done| area-mvc| cost xs| enhancement,mkartakmsft,1
773,done| area-mvc| cost xs| enhancement,ntaylormullen,1
774,done| area-mvc| cost xs| enhancement,pranavkm,1
775,done| area-mvc| cost xs| enhancement,ryanbrandenburg,1
776,done| area-mvc| cost xs| enhancement| feature-code-generation,dougbu,1
777,done| area-mvc| cost xs| feature-code-generation,dougbu,1
778,done| area-mvc| cost xs| feature-code-generation| task,dougbu,1
779,done| area-mvc| cost xs| task,pranavkm,2
780,done| area-mvc| cost xs| task,ryanbrandenburg,2
781,done| area-mvc| enhancement,javiercn,1
782,done| area-mvc| enhancement,pranavkm,5
783,done| area-mvc| enhancement,ryanbrandenburg,4
784,done| area-mvc| enhancement,tratcher,1
785,done| area-mvc| enhancement,unknown,1
786,done| area-mvc| enhancement| feature,rynowak,1
787,done| area-mvc| enhancement| help wanted,javiercn,1
788,done| area-mvc| enhancement| help wanted,pranavkm,1
789,done| area-mvc| enhancement| help wanted,ryanbrandenburg,1
790,done| area-mvc| enhancement| help wanted,unknown,2
791,done| area-mvc| feature-code-generation,dougbu,1
792,done| area-mvc| feature-razor-pages| task,ajaybhargavb,1
793,done| area-mvc| feature-razor-pages| task,ntaylormullen,1
794,done| area-mvc| feature-razor-pages| task,rynowak,1
795,done| area-mvc| help wanted,pranavkm,1
796,done| area-mvc| help wanted,unknown,1
797,done| area-mvc| identity-service,mkartakmsft,3
798,done| area-mvc| investigate,jamesnk,1
799,done| area-mvc| investigate,ryanbrandenburg,1
800,done| area-mvc| task,javiercn,1
801,done| area-mvc| task,mkartakmsft,2
802,done| area-mvc| task,pranavkm,5
803,done| area-mvc| task,ryanbrandenburg,1
804,done| area-mvc| task,unknown,1
805,done| area-mvc| test-failure,tratcher,1
806,done| area-platform,mikaelm12,1
807,done| area-platform,natemcmaster,2
808,done| area-platform,unknown,1
809,done| area-platform| breaking-change,natemcmaster,1
810,done| area-razor.tooling| blocked| cost s| enhancement| feature-razor.vs,ntaylormullen,1
811,done| area-razor.tooling| bug| cost s| feature-razor.vs,tanayparikh,1
812,done| area-razor.tooling| bug| cost xs| feature-razor.vs,tanayparikh,1
813,done| area-razor.tooling| bug| feature-razor.vs| done| area-razor.tooling| bug| feature-razor.vs,ntaylormullen| ntaylormullen,1
814,done| area-razor.tooling| cost m| enhancement| feature-razor.languageserver| feature-razor.vs,tanayparikh,1
815,done| area-razor.tooling| cost s| enhancement,unknown,1
816,done| area-razor.tooling| feature-razor.vscode| done| area-razor.tooling| feature-razor.vscode,ryanbrandenburg| ryanbrandenburg,1
817,done| area-security| breaking-change,haok,1
818,done| area-security| bug,haok,1
819,done| area-security| bug,tratcher,4
820,done| area-security| bug| cost xs,javiercn,1
821,done| area-security| bug| cost xs| feature-aadintegration| help wanted,unknown,1
822,done| area-security| bug| feature-aadintegration,javiercn,1
823,done| area-security| bug| help wanted,unknown,1
824,done| area-security| enhancement,haok,1
825,done| area-security| enhancement,tratcher,1
826,done| area-security| enhancement| good first issue| help wanted,unknown,1
827,done| area-security| enhancement| help wanted,unknown,1
828,done| area-security| help wanted,unknown,1
829,done| area-security| task,haok,1
830,done| area-security| task,unknown,1
831,done| area-servers,jamesnk,1
832,done| area-servers,unknown,2
833,done| area-servers| blocked| breaking-change| enhancement| servers-kestrel,tratcher,1
834,done| area-servers| blocked| cost s| servers-httpsys,tratcher,1
835,done| area-servers| breaking-change| bug| servers-kestrel,tratcher,1
836,done| area-servers| breaking-change| cost xs| servers-httpsys,tratcher,1
837,done| area-servers| bug,tratcher,1
838,done| area-servers| bug,unknown,1
839,done| area-servers| bug| cost s| servers-kestrel,halter73,1
840,done| area-servers| bug| feature-httpabstractions,anurse| tratcher| tratcher,1
841,done| area-servers| bug| feature-httpabstractions,haok,1
842,done| area-servers| bug| feature-httpabstractions,tratcher,1
843,done| area-servers| bug| servers-kestrel,halter73,1
844,done| area-servers| bug| servers-kestrel,jkotalik,1
845,done| area-servers| cost m| servers-kestrel,jkotalik,1
846,done| area-servers| cost s| enhancement| servers-httpsys,tratcher,1
847,done| area-servers| cost xs| servers-kestrel| task,halter73,1
848,done| area-servers| enhancement| servers-httpsys,tratcher,1
849,done| area-servers| feature-httpabstractions| good first issue,tratcher,1
850,done| area-servers| feature-httpabstractions| help wanted| task,unknown,1
851,done| area-servers| good first issue| help wanted,mika-net,1
852,done| area-servers| good first issue| task,unknown,1
853,done| area-servers| help wanted| servers-httpsys,unknown,1
854,done| area-servers| servers-iis,jkotalik,1
855,done| area-servers| servers-kestrel,halter73,1
856,done| area-servers| task,tratcher,2
857,done| area-servers| task,tratcher| tratcher,1
858,done| area-signalr,mikaelm12,1
859,done| area-signalr| ?? bedrock,halter73,1
860,done| area-signalr| bug| cost xs,mikaelm12,1
861,done| area-signalr| bug| signalr-client-java,mikaelm12,1
862,done| area-signalr| task,unknown,1
863,done| area-signalr| test-failure,mikaelm12,1
864,done| bug,glennc,1
865,done| bug,glennc| glennc,1
866,done| bug,haok,3
867,done| bug,rynowak,3
868,done| bug,tratcher,1
869,done| bug,unknown,2
870,done| bug| feature-staticfiles,unknown,2
871,done| bug| help wanted,unknown,1
872,done| cost m| task,ajaybhargavb,1
873,done| cost s,natemcmaster,1
874,done| cost s| task,pranavkm,1
875,done| enhancement,haok,1
876,done| enhancement,pakrym,1
877,done| enhancement| servers-kestrel,halter73,1
878,done| external| area-blazor,ntaylormullen,1
879,done| external| area-blazor| bug,ntaylormullen,1
880,done| external| area-blazor| bug,unknown,1
881,done| external| area-mvc| bug| cost s,tanayparikh,1
882,done| external| area-mvc| bug| cost xs,pranavkm,1
883,done| external| area-razor.tooling| bug| feature-razor.vs,ntaylormullen,1
884,done| external| enhancement,natemcmaster,1
885,done| external| tooling| area-blazor,ntaylormullen,1
886,done| feature,danroth27| javiercn,1
887,done| feature-session| task,juntaoluo,1
888,done| feature-session| task,tratcher,1
889,done| feature-staticfiles,unknown,1
890,done| http2| accepted| area-servers| breaking-change| enhancement| servers-kestrel,tratcher,1
891,done| http2| accepted| area-servers| cost s| servers-kestrel,tratcher,1
892,done| http2| area-servers| clean-up| servers-kestrel,tratcher,1
893,done| http2| area-servers| enhancement| servers-httpsys,tratcher,1
894,done| investigate,ntaylormullen,1
895,done| needs design| area-blazor| bug,javiercn,1
896,done| needs design| area-blazor| enhancement,danroth27,1
897,done| needs design| area-mvc,jamesnk| rynowak,1
898,done| needs design| area-mvc| enhancement| feature-model-binding,dougbu,1
899,done| needs design| needs spec| area-blazor| enhancement,rynowak,1
900,done| needs spec| area-mvc| cost m| enhancement| feature-code-generation,dougbu,1
901,done| perf| area-razor.tooling| cost m| enhancement| feature-razor.languageserver,ajaybhargavb,1
902,done| perf| area-razor.tooling| cost s| feature-razor.vs,tanayparikh,1
903,done| question,unknown,1
904,done| razor tooling big rock| area-mvc| cost s| enhancement,ryanbrandenburg,1
905,done| razor tooling big rock| area-mvc| enhancement,ntaylormullen,1
906,done| responsecompressionmiddleware| area-middleware| cost xs| enhancement,tratcher,1
907,done| servicing-approved| task,natemcmaster,1
908,done| task,unknown,1
909,done| tooling| area-blazor| area-mvc| bug| cost xs,ajaybhargavb,1
910,done| tooling| area-mvc| cost s| enhancement,ntaylormullen,1
911,done| validation| area-blazor| area-mvc| task,dougbu,1
912,done| validation| area-mvc,javiercn,1
913,done| validation| area-mvc,ntaylormullen,1
914,done| validation| area-mvc,pranavkm,2
915,done| validation| area-mvc| task,ajaybhargavb,2
916,done| validation| area-mvc| task,ntaylormullen,1
917,done| validation| area-mvc| task,ntaylormullen| tanayparikh,1
918,done| validation| area-mvc| task,pranavkm,1
919,done| validation| area-mvc| task,ryanbrandenburg,2
920,done| working| area-mvc| cost s| enhancement,tanayparikh,1
921,enhancement,danroth27| javiercn,1
922,enhancement,unknown,4
923,epic,unknown,1
924,external,unknown,32
925,external| area-blazor,ntaylormullen,2
926,external| area-blazor,pranavkm,1
927,external| area-blazor,stevesandersonms,1
928,external| area-blazor,unknown,24
929,external| area-blazor| blazor-wasm,unknown,6
930,external| area-blazor| blazor-wasm| bug,unknown,1
931,external| area-blazor| blazor-wasm| enhancement,unknown,1
932,external| area-blazor| blocked| question,unknown,1
933,external| area-blazor| bug,ajaybhargavb,2
934,external| area-blazor| bug,unknown,2
935,external| area-blazor| enhancement,unknown,1
936,external| area-blazor| question,danroth27,1
937,external| area-dataprotection,unknown,1
938,external| area-infrastructure,unknown,1
939,external| area-mvc,ntaylormullen,1
940,external| area-mvc,pranavkm,3
941,external| area-mvc,rynowak,1
942,external| area-mvc,sebastienros,1
943,external| area-mvc,unknown,15
944,external| area-mvc| blocked| bug| cost 0,ryanbrandenburg,1
945,external| area-mvc| bug,pranavkm,1
946,external| area-mvc| bug,unknown,1
947,external| area-mvc| bug| cost 0| feature-razor-pages,ajaybhargavb,1
948,external| area-mvc| feature-localization| investigate,unknown,1
949,external| area-mvc| investigate,jamesnk,1
950,external| area-mvc| investigate,jodavis,1
951,external| area-platform,unknown,3
952,external| area-razor.tooling| bug| feature-razor.vs| external| area-razor.tooling| bug| feature-razor.vs,unknown,1
953,external| area-security,unknown,2
954,external| area-security| question,unknown,1
955,external| area-servers,unknown,1
956,external| area-servers| investigate,unknown,1
957,external| bug| investigate,ntaylormullen,1
958,external| needs author feedback| area-security,unknown,2
959,external| question,unknown,2
960,external| status resolved,unknown,1
961,external| tooling| area-commandlinetools| area-servers,unknown,1
962,feature-session,unknown,4
963,feature-session| question,unknown,1
964,feature-staticfiles,unknown,5
965,heavy_check_mark resolution answered| area-blazor| question,unknown,1
966,heavy_check_mark resolution answered| area-identity,unknown,1
967,heavy_check_mark resolution answered| area-identity| question,unknown,1
968,heavy_check_mark resolution answered| area-mvc,unknown,1
969,heavy_check_mark resolution answered| area-mvc| question,unknown,2
970,heavy_check_mark resolution answered| area-signalr,unknown,1
971,heavy_check_mark resolution answered| author migration bot robot| status resolved| area-mvc| feature-routing| question,pranavkm,1
972,heavy_check_mark resolution answered| author migration bot robot| status resolved| area-mvc| question,pilchie,1
973,heavy_check_mark resolution answered| author migration bot robot| status resolved| area-servers,unknown,1
974,heavy_check_mark resolution answered| docs| status resolved| area-servers| servers-iis,unknown,1
975,heavy_check_mark resolution answered| external| status resolved,unknown,1
976,heavy_check_mark resolution answered| heavy_check_mark resolution by design| status resolved| area-mvc| question,unknown,1
977,heavy_check_mark resolution answered| perf| status resolved| area-mvc,ajaybhargavb,1
978,heavy_check_mark resolution answered| status resolved,unknown,3
979,heavy_check_mark resolution answered| status resolved| area-blazor,danroth27,1
980,heavy_check_mark resolution answered| status resolved| area-blazor,pranavkm,2
981,heavy_check_mark resolution answered| status resolved| area-blazor,stevesandersonms,3
982,heavy_check_mark resolution answered| status resolved| area-blazor,unknown,7
983,heavy_check_mark resolution answered| status resolved| area-blazor| area-razor.tooling| blazor-wasm,unknown,1
984,heavy_check_mark resolution answered| status resolved| area-blazor| blazor-wasm,pranavkm,1
985,heavy_check_mark resolution answered| status resolved| area-blazor| blazor-wasm,stevesandersonms,1
986,heavy_check_mark resolution answered| status resolved| area-blazor| blazor-wasm,unknown,3
987,heavy_check_mark resolution answered| status resolved| area-blazor| blazor-wasm| enhancement| question,unknown,1
988,heavy_check_mark resolution answered| status resolved| area-blazor| blazor-wasm| question,unknown,9
989,heavy_check_mark resolution answered| status resolved| area-blazor| enhancement| question,unknown,1
990,heavy_check_mark resolution answered| status resolved| area-blazor| heavy_check_mark resolution answered| status resolved| area-blazor,pranavkm| pranavkm,1
991,heavy_check_mark resolution answered| status resolved| area-blazor| heavy_check_mark resolution answered| status resolved| area-blazor,unknown,1
992,heavy_check_mark resolution answered| status resolved| area-blazor| investigate,unknown,1
993,heavy_check_mark resolution answered| status resolved| area-blazor| question,javiercn,1
994,heavy_check_mark resolution answered| status resolved| area-blazor| question,stevesandersonms,2
995,heavy_check_mark resolution answered| status resolved| area-blazor| question,unknown,19
996,heavy_check_mark resolution answered| status resolved| area-dataprotection,unknown,1
997,heavy_check_mark resolution answered| status resolved| area-identity| discussion,haok,1
998,heavy_check_mark resolution answered| status resolved| area-identity| question,unknown,1
999,heavy_check_mark resolution answered| status resolved| area-infrastructure,unknown,2
1000,heavy_check_mark resolution answered| status resolved| area-infrastructure,wtgodbe,1
1001,heavy_check_mark resolution answered| status resolved| area-mvc,pranavkm,3
1002,heavy_check_mark resolution answered| status resolved| area-mvc,unknown,8
1003,heavy_check_mark resolution answered| status resolved| area-mvc| feature-localization,unknown,1
1004,heavy_check_mark resolution answered| status resolved| area-mvc| feature-razor-pages,unknown,1
1005,heavy_check_mark resolution answered| status resolved| area-mvc| feature-routing,unknown,1
1006,heavy_check_mark resolution answered| status resolved| area-mvc| heavy_check_mark resolution answered| status resolved| area-mvc,unknown,1
1007,heavy_check_mark resolution answered| status resolved| area-mvc| investigate,ntaylormullen,1
1008,heavy_check_mark resolution answered| status resolved| area-mvc| question,pranavkm,4
1009,heavy_check_mark resolution answered| status resolved| area-mvc| question,stevesandersonms,1
1010,heavy_check_mark resolution answered| status resolved| area-mvc| question,unknown,11
1011,heavy_check_mark resolution answered| status resolved| area-platform,unknown,1
1012,heavy_check_mark resolution answered| status resolved| area-platform| question,unknown,1
1013,heavy_check_mark resolution answered| status resolved| area-razor.tooling,unknown,2
1014,heavy_check_mark resolution answered| status resolved| area-razor.tooling| heavy_check_mark resolution answered| status resolved| area-razor.tooling,unknown,1
1015,heavy_check_mark resolution answered| status resolved| area-security,haok,1
1016,heavy_check_mark resolution answered| status resolved| area-security,unknown,5
1017,heavy_check_mark resolution answered| status resolved| area-security| discussion| question,unknown,1
1018,heavy_check_mark resolution answered| status resolved| area-security| question,unknown,1
1019,heavy_check_mark resolution answered| status resolved| area-servers,unknown,1
1020,heavy_check_mark resolution answered| status resolved| area-servers| question| servers-kestrel,unknown,1
1021,heavy_check_mark resolution answered| status resolved| area-servers| servers-kestrel,unknown,1
1022,heavy_check_mark resolution answered| status resolved| area-signalr,unknown,1
1023,heavy_check_mark resolution answered| status resolved| question,javiercn,1
1024,heavy_check_mark resolution answered| status resolved| question,unknown,1
1025,heavy_check_mark resolution by design,unknown,3
1026,heavy_check_mark resolution by design| area-blazor,pranavkm,1
1027,heavy_check_mark resolution by design| area-blazor,unknown,8
1028,heavy_check_mark resolution by design| area-identity,unknown,1
1029,heavy_check_mark resolution by design| area-identity| bug,haok,1
1030,heavy_check_mark resolution by design| area-middleware| feature-session,unknown,1
1031,heavy_check_mark resolution by design| area-mvc,ajaybhargavb,1
1032,heavy_check_mark resolution by design| area-mvc,jamesnk,1
1033,heavy_check_mark resolution by design| area-mvc,javiercn,1
1034,heavy_check_mark resolution by design| area-mvc,pranavkm,2
1035,heavy_check_mark resolution by design| area-mvc,unknown,9
1036,heavy_check_mark resolution by design| area-mvc| investigate,ntaylormullen,1
1037,heavy_check_mark resolution by design| area-mvc| investigate,ryanbrandenburg,2
1038,heavy_check_mark resolution by design| area-mvc| question,ntaylormullen,1
1039,heavy_check_mark resolution by design| area-mvc| question,unknown,1
1040,heavy_check_mark resolution by design| area-servers,unknown,1
1041,heavy_check_mark resolution by design| area-servers| question,unknown,1
1042,heavy_check_mark resolution by design| done| area-mvc,ajaybhargavb,1
1043,heavy_check_mark resolution by design| needs author feedback| area-mvc| investigate,pranavkm,1
1044,heavy_check_mark resolution by design| status resolved| area-blazor,unknown,1
1045,heavy_check_mark resolution by design| status resolved| area-blazor| blazor-wasm,javiercn,1
1046,heavy_check_mark resolution by design| status resolved| area-dataprotection,haok,1
1047,heavy_check_mark resolution by design| status resolved| area-healthchecks,unknown,1
1048,heavy_check_mark resolution by design| status resolved| area-hosting,unknown,1
1049,heavy_check_mark resolution by design| status resolved| area-identity,haok,1
1050,heavy_check_mark resolution by design| status resolved| area-identity,unknown,2
1051,heavy_check_mark resolution by design| status resolved| area-mvc| discussion,blowdart,1
1052,heavy_check_mark resolution duplicate,ntaylormullen,1
1053,heavy_check_mark resolution duplicate,unknown,18
1054,heavy_check_mark resolution duplicate| area-blazor,ajaybhargavb,1
1055,heavy_check_mark resolution duplicate| area-blazor,rynowak,1
1056,heavy_check_mark resolution duplicate| area-blazor,stevesandersonms,1
1057,heavy_check_mark resolution duplicate| area-blazor,unknown,27
1058,heavy_check_mark resolution duplicate| area-blazor| blazor-wasm,unknown,3
1059,heavy_check_mark resolution duplicate| area-blazor| blazor-wasm| enhancement,unknown,1
1060,heavy_check_mark resolution duplicate| area-blazor| blazor-wasm| investigate,unknown,1
1061,heavy_check_mark resolution duplicate| area-blazor| blazor-wasm| question,unknown,1
1062,heavy_check_mark resolution duplicate| area-blazor| blazor-wasm| task,pranavkm,1
1063,heavy_check_mark resolution duplicate| area-blazor| bug,ajaybhargavb,3
1064,heavy_check_mark resolution duplicate| area-blazor| bug,stevesandersonms,1
1065,heavy_check_mark resolution duplicate| area-blazor| bug| cost m,javiercn,1
1066,heavy_check_mark resolution duplicate| area-blazor| bug| cost s,javiercn,1
1067,heavy_check_mark resolution duplicate| area-blazor| enhancement,unknown,5
1068,heavy_check_mark resolution duplicate| area-blazor| investigate,javiercn,1
1069,heavy_check_mark resolution duplicate| area-blazor| investigate,pranavkm,1
1070,heavy_check_mark resolution duplicate| area-blazor| question,unknown,2
1071,heavy_check_mark resolution duplicate| area-blazor| task,mkartakmsft,1
1072,heavy_check_mark resolution duplicate| area-hosting,unknown,1
1073,heavy_check_mark resolution duplicate| area-identity,haok,1
1074,heavy_check_mark resolution duplicate| area-identity,unknown,1
1075,heavy_check_mark resolution duplicate| area-infrastructure,pranavkm,1
1076,heavy_check_mark resolution duplicate| area-mvc,unknown,15
1077,heavy_check_mark resolution duplicate| area-mvc| blocked| task,ryanbrandenburg,1
1078,heavy_check_mark resolution duplicate| area-mvc| bug,pranavkm,2
1079,heavy_check_mark resolution duplicate| area-mvc| bug,unknown,1
1080,heavy_check_mark resolution duplicate| area-mvc| bug| feature-model-binding,unknown,1
1081,heavy_check_mark resolution duplicate| area-mvc| cost m| enhancement| feature-razor-pages,unknown,1
1082,heavy_check_mark resolution duplicate| area-mvc| cost m| task,ryanbrandenburg,1
1083,heavy_check_mark resolution duplicate| area-mvc| cost s| task,ryanbrandenburg,1
1084,heavy_check_mark resolution duplicate| area-mvc| cost xs| enhancement,pranavkm,1
1085,heavy_check_mark resolution duplicate| area-mvc| enhancement,javiercn,1
1086,heavy_check_mark resolution duplicate| area-mvc| enhancement,ryanbrandenburg,1
1087,heavy_check_mark resolution duplicate| area-mvc| feature-model-binding,unknown,1
1088,heavy_check_mark resolution duplicate| area-mvc| feature-spa,unknown,1
1089,heavy_check_mark resolution duplicate| area-mvc| investigate,unknown,1
1090,heavy_check_mark resolution duplicate| area-mvc| question,unknown,2
1091,heavy_check_mark resolution duplicate| area-mvc| task,ryanbrandenburg,1
1092,heavy_check_mark resolution duplicate| area-platform,natemcmaster,1
1093,heavy_check_mark resolution duplicate| area-security,unknown,1
1094,heavy_check_mark resolution duplicate| area-servers,tratcher,1
1095,heavy_check_mark resolution duplicate| area-servers,unknown,2
1096,heavy_check_mark resolution duplicate| area-servers| bug| feature-httpabstractions| good first issue,unknown,1
1097,heavy_check_mark resolution duplicate| area-servers| servers-iis,unknown,2
1098,heavy_check_mark resolution duplicate| area-signalr,unknown,4
1099,heavy_check_mark resolution duplicate| author migration bot robot| status resolved,unknown,1
1100,heavy_check_mark resolution duplicate| branchmaster,pranavkm,1
1101,heavy_check_mark resolution duplicate| breaking-change,unknown,1
1102,heavy_check_mark resolution duplicate| components big rock| status resolved| area-blazor| enhancement,unknown,1
1103,heavy_check_mark resolution duplicate| external| area-blazor| investigate,pranavkm,1
1104,heavy_check_mark resolution duplicate| external| status resolved| area-mvc| bug,unknown,1
1105,heavy_check_mark resolution duplicate| http2| needs author feedback| area-servers| servers-kestrel,shirhatti,1
1106,heavy_check_mark resolution duplicate| needs author feedback| area-blazor,unknown,1
1107,heavy_check_mark resolution duplicate| needs design| area-blazor| enhancement,unknown,1
1108,heavy_check_mark resolution duplicate| needs design| status resolved| area-blazor| feature-svg| investigate,ntaylormullen,1
1109,heavy_check_mark resolution duplicate| needs spec| area-mvc| enhancement,danroth27,1
1110,heavy_check_mark resolution duplicate| status resolved,unknown,2
1111,heavy_check_mark resolution duplicate| status resolved| api-suggestion| area-servers| feature| servers-kestrel,halter73,1
1112,heavy_check_mark resolution duplicate| status resolved| area-blazor,stevesandersonms,1
1113,heavy_check_mark resolution duplicate| status resolved| area-blazor,unknown,3
1114,heavy_check_mark resolution duplicate| status resolved| area-blazor| area-commandlinetools,unknown,1
1115,heavy_check_mark resolution duplicate| status resolved| area-blazor| blazor-wasm,unknown,5
1116,heavy_check_mark resolution duplicate| status resolved| area-blazor| blazor-wasm| feature-blazor-debugging| heavy_check_mark resolution duplicate| status resolved| area-blazor| blazor-wasm| feature-blazor-debugging,unknown,1
1117,heavy_check_mark resolution duplicate| status resolved| area-blazor| bug,ntaylormullen,1
1118,heavy_check_mark resolution duplicate| status resolved| area-blazor| bug,unknown,1
1119,heavy_check_mark resolution duplicate| status resolved| area-blazor| bug| feature-svg,captainsafia,1
1120,heavy_check_mark resolution duplicate| status resolved| area-blazor| bug| feature-svg,stevesandersonms,1
1121,heavy_check_mark resolution duplicate| status resolved| area-blazor| bug| feature-svg,unknown,1
1122,heavy_check_mark resolution duplicate| status resolved| area-blazor| bug| feature-svg| help wanted,unknown,2
1123,heavy_check_mark resolution duplicate| status resolved| area-blazor| enhancement| feature-svg,unknown,3
1124,heavy_check_mark resolution duplicate| status resolved| area-blazor| enhancement| help wanted,unknown,1
1125,heavy_check_mark resolution duplicate| status resolved| area-blazor| feature-svg,unknown,2
1126,heavy_check_mark resolution duplicate| status resolved| area-blazor| investigate,pranavkm,1
1127,heavy_check_mark resolution duplicate| status resolved| area-blazor| investigate,stevesandersonms,1
1128,heavy_check_mark resolution duplicate| status resolved| area-commandlinetools| feature-devcerts,unknown,1
1129,heavy_check_mark resolution duplicate| status resolved| area-identity,unknown,1
1130,heavy_check_mark resolution duplicate| status resolved| area-mvc,ntaylormullen,1
1131,heavy_check_mark resolution duplicate| status resolved| area-mvc,unknown,2
1132,heavy_check_mark resolution duplicate| status resolved| area-mvc| feature-razor-pages,unknown,1
1133,heavy_check_mark resolution duplicate| status resolved| area-mvc| feature-routing| heavy_check_mark resolution duplicate| status resolved| area-mvc| feature-routing,unknown,1
1134,heavy_check_mark resolution duplicate| status resolved| area-platform,unknown,1
1135,heavy_check_mark resolution duplicate| status resolved| area-razor.tooling| enhancement,unknown,1
1136,heavy_check_mark resolution duplicate| status resolved| area-razor.tooling| feature-razor.vs| heavy_check_mark resolution duplicate| status resolved| area-razor.tooling| feature-razor.vs,unknown,1
1137,heavy_check_mark resolution duplicate| status resolved| area-signalr,unknown,1
1138,heavy_check_mark resolution fixed| area-azure| area-hosting| bug| investigate,brennanconroy,1
1139,heavy_check_mark resolution fixed| area-blazor| blazor-wasm,captainsafia,1
1140,heavy_check_mark resolution fixed| area-httpclientfactory| bug,rynowak,1
1141,heavy_check_mark resolution fixed| area-identity,haok,1
1142,heavy_check_mark resolution fixed| area-platform,unknown,1
1143,heavy_check_mark resolution fixed| area-servers,unknown,1
1144,heavy_check_mark resolution fixed| area-servers| good first issue| help wanted,unknown,1
1145,heavy_check_mark resolution fixed| area-servers| servers-kestrel,jkotalik,1
1146,heavy_check_mark resolution fixed| area-signalr| good first issue| help wanted,unknown,1
1147,heavy_check_mark resolution fixed| author migration bot robot| area-blazor,unknown,1
1148,heavy_check_mark resolution fixed| docs| done| area-identity,haok,1
1149,heavy_check_mark resolution fixed| done| area-blazor| bug,pranavkm,1
1150,heavy_check_mark resolution fixed| done| area-identity| good first issue,unknown,1
1151,heavy_check_mark resolution fixed| done| area-identity| help wanted,haok,1
1152,heavy_check_mark resolution fixed| done| area-infrastructure,haok,1
1153,heavy_check_mark resolution fixed| done| area-security,haok,1
1154,heavy_check_mark resolution fixed| done| area-security| enhancement,unknown,1
1155,heavy_check_mark resolution fixed| external| area-razor.tooling| blocked| feature-razor-pages| investigate,unknown,1
1156,heavy_check_mark resolution fixed| perf| status resolved| area-servers| bug| feature-httpabstractions| help wanted,unknown,1
1157,heavy_check_mark resolution wont fix,unknown,3
1158,heavy_check_mark resolution wont fix| [obsolete] cost l| discussion| enhancement,unknown,1
1159,heavy_check_mark resolution wont fix| area-blazor,unknown,6
1160,heavy_check_mark resolution wont fix| area-commandlinetools,unknown,1
1161,heavy_check_mark resolution wont fix| area-commandlinetools| help wanted,unknown,1
1162,heavy_check_mark resolution wont fix| area-dataprotection| task,natemcmaster,1
1163,heavy_check_mark resolution wont fix| area-identity| enhancement,haok,2
1164,heavy_check_mark resolution wont fix| area-infrastructure,unknown,2
1165,heavy_check_mark resolution wont fix| area-infrastructure,wtgodbe,1
1166,heavy_check_mark resolution wont fix| area-mvc,javiercn,1
1167,heavy_check_mark resolution wont fix| area-mvc,pranavkm,1
1168,heavy_check_mark resolution wont fix| area-mvc,unknown,2
1169,heavy_check_mark resolution wont fix| area-mvc| cost s,unknown,1
1170,heavy_check_mark resolution wont fix| area-mvc| enhancement,pranavkm,1
1171,heavy_check_mark resolution wont fix| area-mvc| enhancement,unknown,1
1172,heavy_check_mark resolution wont fix| area-mvc| enhancement| help wanted,ryanbrandenburg,1
1173,heavy_check_mark resolution wont fix| area-mvc| enhancement| help wanted,unknown,1
1174,heavy_check_mark resolution wont fix| area-platform,unknown,2
1175,heavy_check_mark resolution wont fix| bug| feature-session,unknown,1
1176,heavy_check_mark resolution wont fix| cost m| investigate,natemcmaster,1
1177,heavy_check_mark resolution wont fix| cost m| investigate,stevesandersonms,1
1178,heavy_check_mark resolution wont fix| external| area-blazor| bug,stevesandersonms,1
1179,heavy_check_mark resolution wont fix| needs author feedback| area-mvc| bug| cost xs,ryanbrandenburg,1
1180,heavy_check_mark resolution wont fix| status resolved| area-blazor| enhancement,unknown,1
1181,heavy_check_mark resolution wont fix| status resolved| area-identity| investigate,haok,1
1182,heavy_check_mark resolution wont fix| status resolved| area-infrastructure,unknown,1
1183,heavy_check_mark resolution wont fix| status resolved| area-mvc,unknown,1
1184,helix| area-infrastructure,haok,1
1185,http2| area-servers| cost 0| enhancement| servers-kestrel,unknown,1
1186,http2| perf| area-servers| cost m| enhancement| servers-kestrel,jamesnk,2
1187,http2| perf| area-servers| cost m| servers-kestrel,jkotalik,1
1188,http2| perf| area-servers| cost xs| servers-kestrel,jamesnk,1
1189,http2| working| area-servers| enhancement,jamesnk,1
1190,investigate,pranavkm,1
1191,investigate,sebastienros,10
1192,needs attention wave| area-blazor,unknown,2
1193,needs attention wave| area-blazor| blazor-wasm,unknown,1
1194,needs attention wave| area-blazor| investigate,javiercn,1
1195,needs attention wave| area-blazor| investigate,unknown,2
1196,needs attention wave| area-identity,haok,1
1197,needs attention wave| area-mvc,unknown,3
1198,needs attention wave| area-mvc| investigate,ryanbrandenburg,2
1199,needs attention wave| area-mvc| question,unknown,1
1200,needs attention wave| area-security,unknown,2
1201,needs attention wave| area-servers,unknown,1
1202,needs attention wave| area-signalr,unknown,1
1203,needs attention wave| area-signalr| investigate,unknown,1
1204,needs author feedback,javiercn,1
1205,needs author feedback,unknown,6
1206,needs author feedback| area-blazor,pranavkm,2
1207,needs author feedback| area-blazor,unknown,8
1208,needs author feedback| area-blazor| blazor-wasm,captainsafia,1
1209,needs author feedback| area-blazor| blazor-wasm,unknown,2
1210,needs author feedback| area-blazor| bug,rynowak,1
1211,needs author feedback| area-blazor| investigate,javiercn,1
1212,needs author feedback| area-blazor| investigate,ntaylormullen,1
1213,needs author feedback| area-blazor| investigate,pranavkm,1
1214,needs author feedback| area-blazor| investigate,stevesandersonms,1
1215,needs author feedback| area-blazor| investigate,unknown,1
1216,needs author feedback| area-blazor| question,unknown,4
1217,needs author feedback| area-hosting,unknown,3
1218,needs author feedback| area-identity,haok,1
1219,needs author feedback| area-identity| question,unknown,1
1220,needs author feedback| area-installers,unknown,1
1221,needs author feedback| area-middleware,unknown,1
1222,needs author feedback| area-middleware| needs author feedback| area-middleware,unknown,1
1223,needs author feedback| area-mvc,unknown,8
1224,needs author feedback| area-mvc| blocked| closed no-repro| investigate,ryanbrandenburg,1
1225,needs author feedback| area-mvc| closed no-repro| investigate,ryanbrandenburg,1
1226,needs author feedback| area-mvc| feature-model-binding,pranavkm,1
1227,needs author feedback| area-mvc| feature-model-binding| investigate,unknown,1
1228,needs author feedback| area-mvc| investigate,ntaylormullen,1
1229,needs author feedback| area-mvc| investigate,ryanbrandenburg,2
1230,needs author feedback| area-mvc| investigate,unknown,4
1231,needs author feedback| area-mvc| question,javiercn,1
1232,needs author feedback| area-mvc| question,pranavkm,2
1233,needs author feedback| area-mvc| question,unknown,4
1234,needs author feedback| area-platform,unknown,1
1235,needs author feedback| area-security,haok,1
1236,needs author feedback| area-security,unknown,1
1237,needs author feedback| area-servers,unknown,11
1238,needs author feedback| area-servers| investigate,unknown,1
1239,needs author feedback| area-servers| servers-iis,unknown,1
1240,needs author feedback| area-servers| servers-kestrel,unknown,3
1241,needs author feedback| area-signalr,unknown,17
1242,needs author feedback| status no recent activity| area-blazor,ntaylormullen,1
1243,needs author feedback| status no recent activity| area-blazor,pranavkm,1
1244,needs author feedback| status no recent activity| area-blazor,unknown,2
1245,needs author feedback| status no recent activity| area-blazor| blazor-wasm| feature-blazor-debugging,unknown,1
1246,needs author feedback| status no recent activity| area-blazor| blazor-wasm| investigate,captainsafia,1
1247,needs author feedback| status no recent activity| area-blazor| investigate,javiercn,1
1248,needs author feedback| status no recent activity| area-blazor| needs author feedback| status no recent activity| area-blazor,unknown,1
1249,needs author feedback| status no recent activity| area-commandlinetools| enhancement,unknown,1
1250,needs author feedback| status no recent activity| area-hosting,unknown,1
1251,needs author feedback| status no recent activity| area-identity,unknown,1
1252,needs author feedback| status no recent activity| area-installers,unknown,1
1253,needs author feedback| status no recent activity| area-middleware,unknown,1
1254,needs author feedback| status no recent activity| area-mvc,unknown,3
1255,needs author feedback| status no recent activity| area-mvc| feature-localization,unknown,1
1256,needs author feedback| status no recent activity| area-mvc| investigate,rynowak,1
1257,needs author feedback| status no recent activity| area-mvc| investigate,unknown,2
1258,needs author feedback| status no recent activity| area-platform,unknown,1
1259,needs author feedback| status no recent activity| area-security,unknown,5
1260,needs author feedback| status no recent activity| area-servers,jkotalik,1
1261,needs author feedback| status no recent activity| area-servers,unknown,4
1262,needs author feedback| status no recent activity| area-servers| servers-iis,unknown,1
1263,needs author feedback| status no recent activity| area-signalr,unknown,3
1264,needs design,unknown,1
1265,needs design| [obsolete] cost l| area-mvc| breaking-change| enhancement,unknown,1
1266,needs design| area-blazor,javiercn,1
1267,needs design| area-blazor,stevesandersonms,1
1268,needs design| area-blazor,unknown,1
1269,needs design| area-blazor| blazor-wasm| enhancement,danroth27,1
1270,needs design| area-blazor| bug,pranavkm,1
1271,needs design| area-blazor| cost s| enhancement,pranavkm,1
1272,needs design| area-blazor| enhancement,unknown,1
1273,needs design| area-dataprotection,natemcmaster,1
1274,needs design| area-mvc,jamesnk,1
1275,needs design| area-mvc,jamesnk| rynowak,1
1276,needs design| area-mvc,unknown,1
1277,needs design| area-mvc| breaking-change,pranavkm,1
1278,needs design| area-mvc| bug| cost s,unknown,1
1279,needs design| area-mvc| cost s| enhancement,unknown,1
1280,needs design| area-mvc| enhancement,damianedwards,1
1281,needs design| area-mvc| enhancement,jamesnk,1
1282,needs design| area-mvc| enhancement,pranavkm,1
1283,needs design| area-mvc| enhancement,unknown,5
1284,needs design| area-mvc| enhancement| feature-razor-pages,unknown,1
1285,needs design| area-mvc| enhancement| feature-razor-pages| help wanted,ntaylormullen,1
1286,needs design| area-mvc| feature-api-explorer,glennc,1
1287,needs design| area-mvc| feature-model-binding| help wanted,unknown,1
1288,needs design| area-mvc| feature-razor-pages,unknown,4
1289,needs design| area-security,unknown,1
1290,needs design| area-servers| servers-iis,unknown,1
1291,needs design| area-signalr,unknown,1
1292,needs design| area-signalr| cost s| signalr-client-java| signalr-client-javascript| signalr-client-net,unknown,1
1293,needs design| area-signalr| enhancement,unknown,1
1294,needs design| area-signalr| enhancement| triaged,unknown,1
1295,needs design| feature-staticfiles,glennc,1
1296,needs design| needs spec| area-mvc| enhancement,glennc,1
1297,needs spec| area-mvc,glennc,1
1298,needs spec| area-mvc| enhancement,glennc,1
1299,needs spec| area-mvc| feature,glennc,2
1300,oidc| area-security| task,tratcher,1
1301,perf,sebastienros,2
1302,perf,unknown,2
1303,perf-bad-response,unknown,1
1304,perf-not-running,sebastienros,5
1305,perf-not-running,unknown,4
1306,perf| area-httpclientfactory| area-middleware| area-mvc| area-servers| perf-not-running,sebastienros,2
1307,perf| area-httpclientfactory| area-mvc| perf-bad-response,sebastienros,2
1308,perf| area-httpclientfactory| area-servers| perf-not-running,unknown,1
1309,perf| area-httpclientfactory| perf-bad-response,unknown,1
1310,perf| area-middleware| area-mvc| area-servers| perf-not-running,sebastienros,1
1311,perf| area-mvc,unknown,1
1312,perf| area-mvc| feature-razor-pages,unknown,3
1313,perf| area-mvc| perf-bad-response,sebastienros,1
1314,perf| area-perf| perf-bad-response,unknown,1
1315,perf| area-servers| perf-bad-response,sebastienros,1
1316,perf| area-servers| perf-bad-response,tratcher,1
1317,perf| area-servers| servers-httpsys,unknown,4
1318,perf| area-servers| servers-iis,unknown,1
1319,perf| area-servers| servers-kestrel,davidfowl,1
1320,perf| area-servers| servers-kestrel| task,unknown,1
1321,perf| area-signalr| cost s| investigate,unknown,1
1322,perf| area-signalr| perf-not-running,sebastienros| brennanconroy,1
1323,perf| perf-bad-response,sebastienros,3
1324,perf| perf-bad-response,unknown,3
1325,perf| perf-not-running,sebastienros,2
1326,perf| perf-regression,sebastienros,2
1327,question,natemcmaster,1
1328,question,sebastienros,1
1329,question,unknown,54
1330,responsecompressionmiddleware| area-middleware,unknown,1
1331,security| area-identity,unknown,1
1332,security| area-mvc| bug| discussion,unknown,1
1333,security| area-security,unknown,1
1334,security| area-servers| servers-kestrel,unknown,1
1335,servers-iis,pakrym,1
1336,servers-iis,unknown,3
1337,servicing-approved| area-signalr,mikaelm12,1
1338,servicing-consider| area-blazor| bug,rynowak,1
1339,servicing-consider| area-mvc,pranavkm,1
1340,status resolved| area-mvc,rynowak,1
1341,task,haok,1
1342,task,natemcmaster,2
1343,task,ryanbrandenburg,1
1344,test-failure,ryanbrandenburg| mkartakmsft,1
1345,test-failure,unknown,1
1346,unknown,anurse,1
1347,unknown,cesarblum,1
1348,unknown,chengtian,1
1349,unknown,chrissfanos,1
1350,unknown,damianedwards,8
1351,unknown,danroth27,1
1352,unknown,eilon,4
1353,unknown,glennc,3
1354,unknown,grabyourpitchforks,2
1355,unknown,javiercn,2
1356,unknown,jkotalik,1
1357,unknown,joeloff| pan-wang,1
1358,unknown,kichalla,1
1359,unknown,leecow,1
1360,unknown,leecow| vivmishra,1
1361,unknown,natemcmaster,1
1362,unknown,pakrym,1
1363,unknown,pakrym| jkotalik,1
1364,unknown,pranavkm,1
1365,unknown,ryanbrandenburg,1
1366,unknown,sebastienros,6
1367,unknown,stevesandersonms,2
1368,unknown,tratcher,3
1369,unknown,unknown,1794
1370,validation| area-blazor,rynowak,1
1371,validation| area-blazor,stevesandersonms,4
1372,validation| area-blazor| blazor-wasm| task| validation| area-blazor| blazor-wasm| task,stevesandersonms| stevesandersonms,1
1373,validation| area-mvc,pranavkm,7
1374,validation| area-mvc,unknown,2
1375,validation| area-mvc| task,pranavkm,1
1376,working| accepted| area-servers| cost s| enhancement| servers-kestrel,tratcher,1
1377,working| area-blazor| bug,stevesandersonms,1
1378,working| area-blazor| bug| cost xs,stevesandersonms,1
1379,working| area-infrastructure| cost xs| tell-mode,ryanbrandenburg,1
1380,working| area-mvc| task,ryanbrandenburg,1
1381,working| area-servers| bug| servers-iis| servers-kestrel,jkotalik,1
1382,working| area-servers| cost xs| enhancement,unknown,1
1383,working| area-servers| servers-iis| test-failure,jkotalik,1
1384,working| area-servers| servers-kestrel,davidfowl,1
